launch_date,store_code,store_name,total_order,page,row_index
,TS0,Testing Store,724,1,3
2025-10-31,A814,Rani Bazar Bikaner,26,1,4
2025-09-28,A885,Nokha Bikaner,209,1,6
2025-09-30,A917,Gandhi Nagar,157,1,8
2025-10-31,C021,Gajraula UP,120,1,10
2025-09-11,A764,Sarkanda Bilaspur,174,1,12
2025-09-05,A867,Ambikapur 2,226,1,14
2025-08-21,A825,Panipat 2 Haryana,119,1,16
2025-10-13,A944,Narnaul Haryana,124,1,18
2025-10-10,A982,Bhiwani Haryana,173,1,20
2023-12-26,A018,Mumbai Byculla,221,1,22
2024-01-15,A019,Chattisgarh,465,1,24
2024-01-08,A022,Kullu Bhuntar,234,1,26
2024-04-19,A032,Kolkata South,256,1,28
2024-01-24,A038,Vrindavan UP,207,1,30
2023-12-23,A040,New Gurgaon,260,1,32
2024-03-05,A055,Ranchi Booty More,199,1,34
2024-04-15,A061,Raipur Telibandha,258,1,36
2024-07-30,A066,Dhanbad Dhaiya,308,1,38
2024-03-14,A117,Patna Sipara,174,1,40
2024-10-30,A124,Daltonganj,248,1,42
2024-05-10,A138,Jamshedpur,235,1,44
2024-04-25,A139,Ranchi Pandra,327,1,46
2024-03-22,A142,Delhi Vijay Nagar,323,1,48
2024-05-27,A154,Ambala Sector,312,1,50
2024-04-13,A164,Jamshedpur Mango,231,2,3
2024-05-21,A171,Patna Mainpura,166,2,5
2024-05-15,A174,Agra Paliwal Park,142,2,7
2024-08-13,A183,Ramgarh,213,2,9
2024-04-27,A186,Patna Doctor Colony,237,2,11
2024-05-21,A251,Jammu Talab,144,2,13
2024-11-07,A340,Pakur Jharkhand,152,2,15
2024-07-31,A353,Godda Nahar,236,2,17
2024-11-14,A450,Sehore Madhya,177,2,19
2025-01-28,A476,Jugsalai,277,2,21
2025-01-21,A542,Sahibganj Jharkhand,185,2,23
2025-05-10,B015,Nolambur Chennai,41,2,25
2021-04-17,T108,Tumbledry KPHB,138,2,27
2021-10-07,T157,Tumbledry SGPGI,185,2,29
2025-05-31,T159,Begumpet,138,2,31
2021-12-12,T168,Tumbledry Munger,327,2,33
2022-05-13,T176,Khagaria Bihar,179,2,35
2021-10-31,T186,Tumbledry,54,2,37
2022-06-17,T254,Ramavarapadu,87,2,39
2022-06-28,T255,Manish Nagar,58,2,41
2022-06-04,T263,Yelahanka 2,141,2,43
2022-06-16,T264,Pathankot Punjab,82,2,45
2023-04-22,T304,Jalgaon Maharashtra,153,2,47
2022-08-31,T310,Butibori Nagpur,86,2,49
2022-08-25,T315,Anisabad Patna,184,2,51
2022-08-17,T326,MDC Manimajra,113,2,53
2022-07-31,T328,Satellite 2,84,3,2
2022-10-22,T365,Padrauna,277,3,4
2023-12-11,T391,Rajarampuri,72,3,6
2022-11-22,T396,Barpeta Road,109,3,8
2022-10-21,T397,Old Ranipur Mode,290,3,10
2022-11-30,T424,Udaipur Tripura,143,3,12
2022-11-13,T436,Ausa Road Latur,239,3,14
2022-11-22,T446,Vijay Nagar Indore,74,3,16
2022-11-21,T464,Silchar Assam,181,3,18
2023-01-19,T492,Jalahalli Bangalore,206,3,20
2023-04-30,T510,MR10 Indrore,192,3,22
2023-02-10,T538,Churachandpur,86,3,24
2023-09-16,T549,Gulbarga 2,230,3,26
2023-09-27,T559,Mumbai Malad,21,3,28
2023-03-22,T575,Tinsukia Assam,144,3,30
2023-03-25,T576,Gomti Nagar,183,3,32
2023-02-20,T580,New Silchar Assam,145,3,34
2023-04-12,T588,Nerchowk Mandi,277,3,36
2023-04-17,T611,Chala Vapi Gujrat,257,3,38
2023-04-18,T612,RT Nagar Bangalore,98,3,40
2023-06-23,T615,Bariatu Ranchi,125,3,42
2023-05-10,T643,Mokokchung,186,3,44
2023-04-26,T654,Majiwada Thane,131,3,46
2023-04-22,T658,Nolambur Chennai,158,3,48
2023-07-14,T674,Ashok Nagar,124,3,50
2023-05-18,T675,Bahadurgarh,120,3,52
2023-05-26,T684,Navsari Gujarat,167,3,54
2023-08-29,T707,Jharkhand Giridih,128,4,3
2023-07-19,T713,Jammu Sainik,172,4,5
2023-05-18,T722,Thaltez Ahmedabad,91,4,7
2023-07-31,T745,Nagpur Beltarodi,295,4,9
2023-08-23,T752,Sodepur West,119,4,11
2023-09-28,T765,Rourkela Civil,330,4,13
2024-05-29,T769,Bihar Hajipur Vaishali,71,4,15
2023-11-07,T774,Nalanda Biharsharif,104,4,17
2023-11-20,T789,Satara Maharashtra,62,4,19
2023-10-25,T795,Kharmanghat,52,4,21
2023-10-31,T802,Haridevpur SOUTH,114,4,23
2023-09-30,T805,Hyderabad Alwal,215,4,25
2023-09-28,T813,Berhampur,113,4,27
2023-08-31,T834,Bangalore,162,4,29
2023-08-24,T842,Mumbai Borivali,250,4,31
2023-09-27,T844,Dewas Jawahar,68,4,33
2023-10-21,T855,Barasat North,322,4,35
2023-10-31,T871,Jamshedpur Dimna,123,4,37
2023-10-15,T877,Bihar Jehanabad,360,4,39
2023-10-30,T881,Srinagar Lal Bazar,162,4,41
2024-01-21,T892,kolkata Baguihati,245,4,43
2023-11-29,T895,Dhanbad Govindpur,167,4,45
2023-11-30,T898,Angul Urban,323,4,47
2023-11-11,T899,Roorkee Civil Lines,351,4,49
2024-01-22,T911,Pune Kiwale,148,4,51
2023-10-28,T918,Goa Kadamba,126,4,53
2023-12-26,T932,Kangra HP,250,5,2
2023-11-17,T958,Siliguri Sevoke,168,5,4
2023-12-12,T968,Bihar Saharsa,369,5,6
2024-07-30,T975,Jamshedpur Sonari,137,5,8
2023-11-27,T977,Mumbai Miraroad,214,5,10
2024-04-27,T980,Cuttack Phulnakhra,81,5,12
2024-05-20,T997,Delhi Shastri Nagar,247,5,14
2019-08-12,TS14,tumbledry Paschim,77,5,16
2020-12-29,TS69,Azamgarh,457,5,18
2021-01-19,TS80,Tumbledry Dhanbad,354,5,20
2021-02-05,TS85,Tumbledry Moshi,281,5,22
2025-09-05,A182,Pune NarheAmbeG,83,5,24
2025-10-05,A833,Ayodhya Nagar,102,5,26
2025-10-10,C002,BEED LOCATION,246,5,28
2025-05-30,A008,Mumbai Kandivali,115,5,30
2024-05-08,A058,Olavakode Palakkad,198,5,32
2024-05-02,A069,Kochi Eroor,1,5,34
2024-06-11,A086,Trivandrum,224,5,36
2024-06-25,A131,Chennai Perambur,119,5,38
2024-05-27,A147,Tamilnadu Vellore,212,5,40
2025-10-31,A148,Bangalore,172,5,42
2024-04-24,A156,Hyderabad,120,5,44
2024-06-29,A158,Kannur Thalassery,118,5,46
2024-04-09,A160,Manglore Mudabidre,262,5,48
2024-09-30,A166,Bokaro Chas,127,5,50
2025-01-04,A169,Kannur Bhartiya,150,5,52
2024-06-29,A196,Mangalore Padeel,217,5,54
2024-09-05,A203,Manipur Senapati,71,6,3
2024-06-24,A210,Bangalore,215,6,5
2024-08-13,A212,Varanasi Maldahiya,251,6,7
2024-06-29,A229,Bangalore,225,6,9
2024-06-21,A231,Tamilnadu,79,6,11
2024-07-23,A250,Mahbubnagar,98,6,13
2024-09-30,A261,Palani Tamil Nadu,73,6,15
2024-08-31,A273,Keeranatham,207,6,17
2024-06-24,A282,Firozabad UP,6,6,19
2024-11-08,A291,Mukundopur West,189,6,21
2024-12-21,A294,Kismatpur,64,6,23
2024-06-25,A299,Etah UP,206,6,25
2025-01-01,A301,Burdwan WB,152,6,27
2025-05-28,A320,Bhawanipatna,93,6,29
2024-09-30,A343,Bilaspur Telipara,152,6,31
2024-11-16,A363,Mauranipur,2,6,33
2024-07-29,A366,Lucknow Chowk,383,6,35
2024-11-25,A372,Vijayapura Karnataka,168,6,37
2025-01-22,A373,Srikakulam AP,90,6,39
2024-11-11,A375,Chikkamagaluru,137,6,41
2025-01-01,A379,Karur Tamil Nadu,211,6,43
2025-04-16,A380,Dhemaji Assam,115,6,45
2024-12-27,A388,Hatia Ranchi,116,6,47
2024-09-26,A391,Bagalkot Navanagar,3,6,49
2024-11-27,A396,"Nadapuram, Calicut",124,6,51
2024-12-18,A401,Masaurhi Patna,109,6,53
2024-12-28,A404,Vikas Nagar Dehu,124,7,2
2025-03-05,A406,Shreerampore,181,7,4
2024-10-28,A410,Moradabad Budhi,127,7,6
2024-08-27,A412,Paratwada Amaravati,24,7,8
2025-01-11,A413,Dumra Sitamarhi,134,7,10
2024-09-25,A419,Tiruppur Palladam,46,7,12
2024-12-19,A422,Seraikela Jharkhand,167,7,14
2024-11-16,A423,Tanuku Andhra,140,7,16
2025-02-22,A428,Narasaraopet,97,7,18
2025-03-05,A431,Gopalganj Bihar,248,7,20
2025-02-22,A435,Masab Tank,227,7,22
2025-01-31,A436,Khairthal Rajasthan,93,7,24
2024-12-24,A442,Abohar Punjab,81,7,26
2024-10-09,A444,Chennai,200,7,28
2024-09-28,A453,Howrah-2 West,261,7,30
2024-08-29,A454,Kanpur Naubasta,163,7,32
2024-10-10,A463,Sasaram Bihar,383,7,34
2024-11-18,A475,Kanuru Vijayawada,114,7,36
2025-04-15,A486,"Mapusa, Goa",256,7,38
2025-02-12,A487,Ravet Pune,115,7,40
2024-09-02,A490,Prayagraj Lukarganj,178,7,42
2025-04-08,A497,Ananthpur AP,59,7,44
2025-02-04,A498,Robertsganj UP,222,7,46
2024-12-25,A508,Proddatur AP,78,7,48
2024-12-28,A510,Bijnor UP,128,7,50
2025-03-10,A514,Nagarbhavi,97,7,52
2025-01-29,A524,Siruseri Chennai,104,7,54
2025-01-13,A528,Balurghat West,205,8,3
2024-12-31,A538,Pallavaram Chennai,140,8,5
2025-01-31,A544,Balrampur,134,8,7
2024-12-18,A549,Bollaram Telangana,129,8,9
2025-01-09,A550,Champua Odisha,72,8,11
2025-02-11,A555,Awantipura Pulwama,63,8,13
2025-01-30,A558,"Pattambi, Palakkad",229,8,15
2025-03-05,A561,Tagore Park WB,120,8,17
2025-01-17,A572,Model Town Delhi,170,8,19
2025-03-10,A603,Howrah 3 WB,44,8,21
2025-01-21,A624,Chandannagar,90,8,23
2025-02-27,A634,Moran Dibrugarh,1,8,25
2025-04-05,A638,NAUGACHIA,188,8,27
2025-03-28,A641,Bishnupur West,284,8,29
2025-03-12,A642,Khetrajpur,69,8,31
2025-02-14,A643,"Dholka, Gujrat",32,8,33
2025-03-26,A671,Rasra UP,146,8,35
2025-04-30,A677,Chakardharpur,209,8,37
2025-05-15,A691,Orai Jalaun,126,8,39
2025-03-29,A694,Bhabua Bihar,340,8,41
2025-04-29,A700,Guruvayoor Thrissur,17,8,43
2025-05-17,A723,SIKAR RAJASTHAN,218,8,45
2025-04-23,A737,Ambawadi,72,8,47
2025-07-26,A738,Vijayapura 2,13,8,49
2023-05-07,T582,Gomti Nagar,88,8,51
2023-10-13,T835,Atchutapuram,66,8,53
2023-11-26,T897,Bihar Aurangabad,26,9,2
2023-12-11,T902,Bharaich Uttar,131,9,4
2024-12-31,T967,Bankura West,291,9,6
2025-03-26,T999,Chennai Chrompet,301,9,8
2025-11-11,A770,Shivpuri Madhya,13,9,10
2025-10-31,A783,Sagar MP,203,9,12
2025-09-13,A995,Chhindwara MP,308,9,14
2025-08-22,A614,Jajpur Odisha,148,9,16
2025-07-21,A759,Nayagarh,56,9,18
2025-10-10,A949,Sant Nagar,139,9,20
2025-09-25,A400,Nagaram Telangana,156,9,22
2025-10-31,A895,HAYATH NAGAR,46,9,24
2025-09-23,A654,Villiapally Vadakara,99,9,26
2025-10-17,A901,Chelannur Calicut,142,9,28
2025-11-12,A930,Kakkodi Parambil,34,9,30
2025-02-06,A696,Supermart Gurugram,580,9,32
2025-02-25,A717,Qutub Plaza,404,9,34
2021-02-04,T105,M3M Urbana,391,9,36
2021-04-13,T137,Palam Vihar,272,9,38
2022-07-09,TS62,COCO Warehouse,949,9,40
2025-10-31,A865,Chittorgarh City,97,9,42
2025-10-27,C014,Sector 11 Udaipur,102,9,44
2025-09-13,A185,KATARGAM Surat,69,9,46
2025-08-22,A778,Sargasan,268,9,48
2025-09-26,A979,Gondal Gujarat,72,9,50
2025-09-22,A945,PALAVA PHASE,144,9,52
2025-11-11,T519,Airoli Navi Mumbai,147,9,54
2023-12-16,A012,Delhi Rohini Sector,3,10,3
2024-08-27,A287,Purnia Gulabbag,149,10,5
2024-07-11,A288,Kishanganj Bihar,469,10,7
2024-07-05,A324,Patna Shastri,199,10,9
2024-07-31,A352,Muzaffarpur,252,10,11
2024-08-14,A360,Patna Bhootnath,255,10,13
2024-10-03,A458,Chandigarh 37C,333,10,15
2025-01-17,A534,FORBESGANJ,170,10,17
2025-06-21,A539,Kolathur Chennai,96,10,19
2024-12-31,A606,Jhanjharpur,295,10,21
2025-03-01,A668,Uttam Nagar,154,10,23
2025-04-29,A693,Tuticorin,92,10,25
2025-05-17,A817,Kirti Nagar,100,10,28
2025-08-20,B025,Karvenagar Pune,370,10,30
2025-09-15,B032,Shastri Nagar,119,10,32
2021-09-28,T120,Kasturba Nagar,336,10,34
2021-05-24,T125,Tumbledry Patiala,377,10,36
2021-12-07,T162,Tumbledry,153,10,38
2021-12-08,T185,Tumbledry Zirakpur,237,10,40
2021-12-29,T189,Tumble Dry Vaishali,126,10,42
2022-01-01,T191,Bejai Mangalore,279,10,44
2022-01-24,T208,Patna Gola Road,286,10,46
2022-04-16,T220,Rampur Uttar,269,10,48
2022-07-13,T229,Chingmeirong,242,10,50
2022-06-01,T241,Suncity Hyderabad,143,10,52
2022-05-16,T247,Wadala E Mumbai,445,10,54
2022-05-29,T257,Andheri West,272,11,3
2022-06-25,T258,RR Nagar Bengaluru,135,11,5
2022-06-27,T265,Sanpada Navi,222,11,7
2022-06-25,T277,Labbipet Vijayawada,168,11,9
2022-06-11,T290,C Scheme Jaipur,135,11,11
2023-01-19,T323,Hinga TPoint Nagpur,264,11,13
2022-09-26,T327,Sitapur,207,11,15
2022-09-30,T333,Civil Lines Bareilly,113,11,17
2022-09-29,T341,Vidya Nagar,172,11,19
2022-10-15,T350,Suncity Rohtak,149,11,21
2022-08-14,T352,Bani Park Jaipur,251,11,23
2022-09-19,T364,Dombivali Thane,118,11,25
2022-09-12,T382,Krishnagiri Hosur,134,11,27
2022-11-26,T385,Dugri Phase II,265,11,29
2022-08-31,T403,Vile Parle West,100,11,31
2022-10-20,T405,Kharar Punjab,247,11,33
2022-12-27,T422,Nagole Hyderabad,38,11,35
2022-11-25,T428,Thoripakkam,57,11,37
2022-10-09,T433,Rajendra Nagar,344,11,39
2023-04-17,T442,Alwarpet Chennai,65,11,41
2023-01-19,T457,Hebbal Mysore,319,11,43
2022-12-29,T479,Sakchi Jamshedpur,161,11,45
2022-12-28,T493,Rohit Nagar Bhopal,153,11,47
2022-12-30,T497,Hazaribagh,211,11,49
2023-03-27,T513,Devi Nagar Ballari,181,11,51
2023-03-06,T517,Sardarpura Jodhpur,382,11,53
2023-01-24,T518,Namchi Sikkim,180,12,2
2023-06-16,T521,Chinhat Lucknow,160,12,4
2023-02-13,T526,Saravanampatti,157,12,6
2023-02-15,T529,Kadavanthra Kerala,81,12,8
2023-03-28,T542,Model Colony,328,12,10
2023-01-25,T546,Durgapur West,157,12,12
2023-02-26,T555,Peelamedu,186,12,14
2023-10-25,T583,Bangalore Kengeri,113,12,16
2023-05-31,T584,Uttarahalli Bangalore,107,12,18
2023-02-26,T598,Mithapur Patna,204,12,20
2023-04-05,T607,Karve Nagar Pune,85,12,22
2023-04-30,T617,Dhantoli Nagpur,113,12,24
2023-03-27,T620,Dadabari Kota,234,12,26
2023-03-24,T626,Chaibasa Jharkhand,278,12,28
2023-06-12,T667,Bokaro Jharkhand,251,12,30
2023-07-14,T681,Hinjewadi Phase,214,12,32
2023-05-17,T690,Ulwe Panvel,313,12,34
2023-07-20,T695,Electronic City,298,12,36
2023-06-11,T702,Patna City,310,12,38
2023-09-04,T711,Pune Bhosaroi,181,12,40
2023-06-26,T741,Attapur Hyderabad,131,12,42
2023-07-12,T749,CBD Belapur Navi,200,12,44
2023-07-13,T750,Vile Parle East,276,12,46
2023-06-20,T756,Jaunpur,242,12,48
2023-07-25,T775,Jamui Bihar,376,12,50
2023-06-29,T787,Gorakhnath,256,12,52
2023-10-12,T793,Thrissur Mannuthy,287,12,54
2023-09-23,T796,Gorakhpur AIIMS,282,13,3
2023-08-18,T798,Madanapalle Andhra,116,13,5
2023-11-10,T810,Trivandrum Lulu,259,13,7
2023-11-29,T818,Mumbai Bhayandar,187,13,9
2023-09-29,T823,Bangalore,322,13,11
2023-11-20,T856,Goa Panjim,432,13,13
2023-12-28,T862,Trivandrum,261,13,15
2023-08-21,T863,Vadodara Alkapuri,204,13,17
2023-09-28,T872,Himachal Pradesh,216,13,19
2023-11-28,T873,Kochi Elamakkara,364,13,21
2023-10-05,T879,Palakkad Chandra,223,13,23
2023-11-21,T883,Trivandrum,218,13,25
2023-09-29,T884,Hyderabad,85,13,27
2023-11-30,T885,Mumbai Thane,297,13,30
2023-09-30,T890,Coimbatore,280,13,32
2023-10-31,T900,Chennai Palavakkam,59,13,34
2023-10-20,T912,Secunderabad,295,13,36
2023-10-31,T915,Coimbatore,212,13,38
2023-10-30,T920,Salem,199,13,40
2023-12-13,T943,Hamirpur New,506,13,42
2023-12-27,T950,Madurai Anna,114,13,44
2023-12-11,T979,Goa Colva,277,13,46
2020-07-04,TS46,Tumbledry Bhopal,138,13,48
2020-11-08,TS79,Tumbledry Pen,447,13,50
2025-10-04,A728,Thiruvalla Kerala,122,13,52
2025-10-07,A790,Chalad Kannur,68,13,54
2023-12-19,A000,Namakkal Salem,29,14,3
2024-01-06,A016,Bangalore,358,14,5
2024-03-30,A028,Mangalore Attavara,164,14,7
2024-06-12,A039,Madurai ByPass,114,14,9
2024-01-20,A049,Ichalkaranji,132,14,11
2024-02-29,A071,Bangalore,97,14,13
2024-03-30,A074,Bangalore Arekere,237,14,15
2024-05-03,A084,Chennai Ambattur,123,14,17
2024-07-31,A103,Ahmedabad,206,14,19
2024-04-05,A123,Tamil Nadu,188,14,21
2024-07-19,A140,Bangalore,97,14,23
2024-09-16,A152,Raipur Ama Seoni,132,14,26
2024-07-25,A167,Bangalore Frazer,186,14,28
2024-05-31,A173,Pudukkottai,158,14,30
2024-06-14,A178,Chennai Porur,166,14,32
2024-07-24,A199,Dharmapuri Tamil,123,14,34
2024-05-28,A208,Marthandam,184,14,36
2024-07-15,A219,Mangalore,274,14,38
2024-11-15,A224,Mumbai Mazgaon,202,14,40
2024-07-24,A238,Wardha Gandhi,182,14,42
2024-07-20,A252,Mumbai Matunga,147,14,44
2024-07-04,A257,Ahmedabad,150,14,46
2024-09-21,A276,Delhi Vikaspuri,128,14,48
2024-08-27,A280,Bangalore Vasanth,276,14,50
2024-08-30,A281,Bhiwadi Rajasthan,118,14,52
2025-07-09,A285,Chennai Avadi,97,14,54
2024-11-30,A289,Budharaja,153,15,3
2024-07-31,A290,Raigarh Jagatpur,149,15,5
2024-07-16,A296,Chennai Pallikaranai,185,15,7
2024-08-23,A303,Phagwara Punjab,278,15,9
2024-10-31,A319,Mumbai Uran,320,15,11
2024-11-15,A321,Kusgaon Budruk,255,15,13
2024-08-31,A322,Barnala Punjab,211,15,15
2024-12-09,A323,Thanjavur Tamil,175,15,17
2024-08-24,A326,Ernakulam Aluva,133,15,19
2024-09-21,A329,Bhatinda Punjab,129,15,21
2024-07-23,A330,Raipur Devpuri,170,15,23
2024-06-29,A333,Mumbai Dadar,91,15,25
2024-09-30,A336,Chennai,123,15,27
2024-09-04,A338,Khanna Punjab,84,15,29
2024-10-14,A339,Mumbai Kurla,288,15,31
2024-09-17,A346,Chikkaballapura,131,15,33
2024-09-30,A351,Nawanshahr,398,15,35
2024-09-24,A354,Pune Bhugaon,170,15,37
2024-08-29,A370,Bangalore Hoskote,173,15,39
2024-08-16,A378,Banur Punjab,105,15,41
2025-07-30,A381,Mumbai Malad,132,15,43
2024-09-23,A385,Anand Gujarat,263,15,45
2024-08-10,A386,Barmer Rajasthan,650,15,47
2024-10-23,A432,Malegaon Nashik,263,15,49
2024-12-09,A438,Kandivali East,227,15,51
2024-09-27,A460,Ludhiana Sec,252,15,53
2024-10-21,A467,Kharsia Chhattisgarh,124,16,2
2024-12-16,A477,Malviya Nagar,30,16,4
2024-11-15,A485,Mohali Sector,172,16,6
2024-12-30,A493,Chidambaram,381,16,8
2024-12-28,A496,Moga Punjab,59,16,10
2025-05-08,A505,Shegaon,112,16,12
2024-11-27,A529,Jogeshwari East,157,16,14
2024-11-22,A533,Nigdi Pune,402,16,16
2024-11-26,A535,SHRI MUKTSAR,129,16,18
2025-08-20,A547,KK Nagar Trichy,41,16,20
2025-02-28,A553,Gumtala Amritsar,118,16,22
2025-04-23,A560,Srirangam Trichy,84,16,24
2024-12-26,A566,Chikahali Pune,181,16,26
2025-02-03,A575,Kammasandra,131,16,28
2025-04-30,A597,Dommasandra,121,16,30
2025-02-15,A604,Baltora Rajasthan,165,16,32
2025-07-25,A618,Nabarangpur Odisha,210,16,34
2025-03-22,A628,Nashik Road Nashik,162,16,36
2025-02-18,A630,Ganj Para Balod,170,16,38
2025-02-28,A646,Amrutdham Nashik,82,16,40
2025-06-12,A672,Krishnagiri Tamil,30,16,42
2025-05-24,A676,Hassan 1 Karnataka,359,16,44
2025-04-29,A690,Nungambakkam,269,16,46
2025-02-22,A699,Sultanwind Road,191,16,49
2025-06-05,A724,Pirangut Pune,120,16,51
2025-08-11,A772,Mahanadi Vihar,108,16,53
2025-09-12,A773,Chalakudy Thrissur,100,17,2
2025-07-11,A776,Kelambakkam,169,17,4
2025-09-05,A779,Pollachi Tamil,72,17,6
2025-08-18,A785,Salepur Cuttack,116,17,8
2025-07-29,A801,Tuni AP,87,17,10
2025-08-07,A820,Amravati 1,210,17,12
2025-08-29,A842,ERODE SOLAR,99,17,14
2025-08-20,A843,Nelamangala,146,17,16
2025-08-18,A855,Iyerbungalow,132,17,18
2025-08-29,A863,Hindupuram AP,126,17,20
2025-07-21,A871,Ooty Tamil Nadu,17,17,22
2025-07-16,A872,Chiplun,364,17,24
2025-07-30,A874,Hingoli,182,17,26
2025-08-25,A912,Nandyal AP,115,17,28
2025-08-27,A924,Jalna Maharashtra,236,17,30
2024-12-14,B014,Wardha Maharashtra,124,17,32
2025-08-31,T103,Tumbledry Pimple,319,17,34
2022-08-07,T283,Marathahalli,215,17,36
2022-07-31,T285,Mahadevapura,259,17,38
2024-08-14,T318,Pedder Road,95,17,40
2022-11-17,T443,Moosapet,180,17,42
2022-11-30,T448,Domlur Bangalore,217,17,44
2023-03-31,T554,Sarjapur Bangalore,173,17,46
2023-03-29,T569,Trichy Tamil Nadu,285,17,48
2023-04-08,T625,Siripuram,193,17,50
2023-06-21,T732,Karkhana Hyderabad,138,17,52
2024-09-06,T946,Shimoga,114,17,54
2023-11-24,T953,Hyderabad Malkajgiri,203,18,3
2025-09-26,A747,Suratkal Mangalore,164,18,5
2024-01-18,A006,Mumbai SantaCruz,354,18,7
2024-05-27,A011,Pune New Sangvi,131,18,9
2024-02-19,A020,Bangalore Bellandur,272,18,11
2024-01-02,A023,Medinipur WB,184,18,13
2024-05-07,A029,Pune Loni Kalbhor,163,18,15
2024-02-07,A030,Agra Khandari,278,18,17
2024-04-11,A034,Bangalore BTM,124,18,19
2023-12-13,A035,Jamshedpur Baridih,296,18,21
2024-02-09,A047,Farrukhabad UP,208,18,23
2024-06-24,A060,Navi Mumbai,162,18,25
2024-06-16,A062,Janipur Jammu,67,18,27
2024-02-22,A094,Bihar Supaul,348,18,29
2024-06-28,A101,Kolhapur Tarabai,226,18,31
2024-02-02,A110,Pithoragarh UK,248,18,33
2024-02-17,A111,Pune Mukund,141,18,35
2024-02-27,A121,Ahmedabad Nikol,182,18,37
2024-02-23,A134,Surat Gauravpath,172,18,39
2024-06-08,A141,Chhatarpur MP,261,18,41
2024-06-11,A143,Nagpur Jaripatka,50,18,43
2024-06-29,A168,Ahmedabad,179,18,45
2024-06-26,A188,Bhavnagar Kaliyabid,214,18,47
2024-03-28,A192,Sri Ganganagar,204,18,49
2024-05-31,A200,Bharuch Zadeshwar,86,18,51
2024-06-01,A223,Ahmedabad,255,18,53
2024-10-18,A256,Jammu Old city,97,19,2
2024-06-30,A270,Madhepura Bihar,24,19,4
2025-04-16,A356,Jollang,47,19,6
2025-01-22,A414,Rajbagh Srinagar,174,19,8
2025-04-15,A518,"Phase 4, Mohali",107,19,10
2024-11-26,A527,Chetakpuri Gwalior,229,19,12
2025-01-16,A563,Chetla WB,143,19,14
2025-04-19,A621,Kosi Kalan,83,19,16
2025-04-28,A636,Baddi Himachal,74,19,18
2025-04-28,A648,Akhnoor JK,15,19,20
2025-05-22,A657,Panki Dham Kanpur,285,19,22
2025-05-31,A661,Zingabai Takli,133,19,24
2025-05-03,A662,Selakui UK,89,19,26
2025-04-26,A664,GTB Nagar,240,19,28
2025-04-12,A670,Tura West Garo,285,19,30
2025-07-12,A673,Kalimpong WB,120,19,32
2025-07-01,A701,Kolar Karnataka,96,19,34
2025-04-25,A712,Mhow MP,70,19,36
2025-06-13,A730,Sheikpura Bihar,249,19,38
2025-04-22,A740,Ferozepur Punjab,222,19,40
2025-06-24,A742,Karan Nagar Srinagar,47,19,42
2025-06-05,A743,OMICRON Greater,203,19,44
2025-07-07,A752,Coonoor Tamilnadu,70,19,46
2025-06-18,A798,Ramnagar,46,19,48
2022-01-26,T182,RG Baruah Road,201,19,50
2023-02-28,T516,VIP Road Guwahati,406,19,52
2023-02-28,T539,Barshapara Guwahati,113,19,54
2023-04-18,T609,Kumarpara Guwahati,134,20,3
2024-03-11,T618,Silvassa Dadra,139,20,5
2023-04-18,T639,Maligaon Guwahati,375,20,7
2023-04-27,T642,Bhavanipuram,107,20,9
2023-08-05,T649,Motihari Bihar,141,20,11
2023-04-29,T682,Kahilipara Guwahati,236,20,13
2023-11-10,T693,Hyderabad Kollur,502,20,15
2023-08-12,T716,Pune Wadachi,103,20,17
2023-09-25,T723,New Chandigarh,189,20,19
2023-07-31,T746,Khamgaon,68,20,21
2024-01-22,T754,Siwan Bihar,342,20,23
2024-03-29,T773,Karad Maharashtra,197,20,25
2024-03-16,T781,Thane Kalyan,170,20,27
2023-08-24,T782,Patna Jaganpura,135,20,29
2024-01-22,T797,Bangalore Kadugodi,143,20,31
2023-11-29,T808,Arunachal Pradesh,114,20,33
2024-01-24,T811,Bangalore Hope,224,20,35
2023-10-16,T819,Bihar Buxar,310,20,37
2023-10-18,T828,Mumbai Borivali,130,20,39
2023-08-30,T829,Guwahati Hatigaon,242,20,41
2023-09-22,T830,Ghazipur UP,156,20,43
2023-09-16,T831,Fatehpur UP,220,20,45
2023-12-25,T857,Araria Bihar,282,20,47
2023-09-28,T860,Ghaziabad Vaishali,140,20,49
2023-10-21,T861,Ghaziabad Crossing,150,20,51
2024-02-29,T866,Mumbai Virar,120,20,53
2023-10-14,T870,Dimapur 4th Mile,118,21,2
2024-02-07,T888,Ernakulam Thevara,282,21,4
2024-05-10,T889,Ganjam Gajpatinagar,144,21,6
2023-11-23,T910,Ranchi Pundag,230,21,8
2024-01-30,T913,Purnia Bhatta,118,21,10
2023-12-20,T917,Seppa East Kameng,62,21,12
2024-02-29,T919,Bangalore,99,21,14
2024-04-16,T922,Raipur DDU Nagar,251,21,16
2024-02-03,T930,Nagpur Wardhaman,297,21,18
2024-03-20,T934,Jamshedpur,186,21,20
2024-01-31,T942,Bihar Samastipur,158,21,22
2024-01-30,T948,Raniganj Paschim,205,21,24
2023-11-29,T949,Nadia Kalyani,212,21,26
2024-02-28,T954,Trivandram,267,21,28
2024-01-25,T955,Guwahati Ulubari,217,21,30
2024-02-27,T956,Nawada Bihar,158,21,32
2023-12-25,T960,odisha Kendrapara,113,21,34
2023-12-16,T961,Bangalore Budigere,149,21,36
2024-07-08,T965,Kolkata Salt Lake,164,21,38
2024-05-09,T971,Mumbai Sion,126,21,40
2023-10-31,T973,Guwahati Narangi,199,21,42
2024-01-17,T976,Rohtas Dehri-on-sone,252,21,44
2024-01-08,T984,Chennai Triplicane,394,21,46
2024-02-17,T985,Ranchi Main Road,213,21,48
2023-12-18,T988,Calicut Puthiyara,117,21,50
2023-12-18,T989,Vishakhapatnam,172,21,52
2023-12-29,T990,Bareilly Model,233,21,54
2023-10-31,T991,Ghaziabad,166,22,3
2025-09-30,A961,Chittoor AP,189,22,5
2025-08-04,A440,Shantipur,105,22,7
2025-06-04,A541,Satna MP,145,22,9
2025-07-19,A599,Ankleshwar Gujarat,94,22,11
2025-05-29,A647,Scheme 140 Indore,140,22,13
2025-08-05,A665,Sonipat Haryana,230,22,15
2025-05-08,A689,New Malda,159,22,17
2025-08-07,A704,VIDHAYA DHAR,152,22,19
2025-06-20,A716,Integral University,43,22,21
2025-04-26,A721,Chikalthana,150,22,23
2025-08-17,A722,UNA Himachal,243,22,25
2025-06-10,A733,Tikamgarh MP,145,22,27
2025-06-26,A736,Radhanpur Road,195,22,29
2025-05-23,A739,Taloja Navi Mumbai,157,22,31
2025-07-22,A748,Chatra Jharkhand,103,22,33
2025-07-19,A749,Sec 88 Faridabad,91,22,35
2025-08-12,A750,Bali Belur,171,22,37
2025-08-18,A751,Birati Belghoria,103,22,39
2025-07-30,A754,Ecotech,107,22,41
2025-07-02,A755,Pehowa Haryana,157,22,43
2025-05-15,A757,Nadiad Gujarat,137,22,45
2025-07-08,A758,Bardoli Gujarat,111,22,47
2025-07-02,A760,Deoband UP,42,22,49
2025-07-21,A769,Babina Jhansi,49,22,51
2025-07-08,A788,Dadri,200,22,53
2025-06-26,A792,NRI CITY KANPUR,122,23,2
2025-07-07,A794,Sahabaad Haryana,179,23,4
2025-07-23,A806,Fort and Churchgate,188,23,6
2025-08-04,A807,Anantwadi,136,23,8
2025-07-22,A813,Raiganj WB,127,23,10
2025-07-15,A815,Numaish Ground,155,23,12
2025-07-28,A818,Shela Ahmedabad,156,23,14
2025-07-12,A824,Ambajogai,312,23,16
2025-07-10,A828,Shiv Vihar Loni,49,23,18
2025-07-17,A830,DD Nagar,169,23,20
2025-08-11,A834,Etawah Friends,175,23,22
2025-07-17,A836,Dilshad Garden,81,23,24
2025-08-22,A840,Barabanki UP,170,23,26
2025-08-14,A846,BHUJ KACHCHH,225,23,28
2025-08-06,A848,Bhandara,199,23,30
2025-06-25,A849,Sirol Gwalior MP,183,23,32
2025-07-22,A859,SAMBHAL UP,215,23,34
2025-07-23,A879,Amritsar,98,23,36
2025-08-23,A880,Bazpur,169,23,38
2025-07-15,A883,Jhajjar Haryana,114,23,40
2025-08-16,A888,Narmadpuram,148,23,42
2025-08-11,A906,Murad Nagar,174,23,44
2025-09-03,A909,Dewas Naka,142,23,46
2025-08-29,A911,Palwal Haryana,56,23,48
2025-08-18,A921,Sultanpur UP,439,23,50
2025-09-11,A950,Sanik Nagar Agra,86,23,52
2025-09-12,A964,Gohana Sonipat,30,23,54
2021-08-20,T133,Tumbledry Bapu,198,24,3
2023-02-11,T550,Raebareli,432,24,5
2023-05-26,T591,Shastri Puram,226,24,7
2020-07-15,TS37,Tumbledry Meerut,154,24,9
2025-08-26,A184,Puri Odisha,92,24,11
2025-10-14,A931,Baripada Odisha,171,24,13
2020-01-26,TS35,tumbledry Kharghar,353,24,15
2020-12-02,TS78,Tumbledry,327,24,17
2025-09-11,A502,Jharsuguda Odisha,145,24,19
2025-08-12,A713,Buxi Bazzar Cuttack,173,24,21
2025-08-30,A768,Rajgir Bihar,229,24,23
2025-11-12,A985,Lohar Daga,12,24,25
2025-10-12,A942,Alipurduar WB,216,24,27
2024-05-31,A010,Haflong Assam,31,24,29
2024-05-17,A027,Tirupati Mangalam,39,24,31
2024-02-17,A045,Hyderabad,209,24,33
2024-06-07,A083,Lucknow Alambagh,93,24,35
2024-04-12,A104,Kannur South,176,24,37
2024-05-30,A109,Kumbakonam,53,24,39
2024-04-20,A119,Shahjahanpur,153,24,41
2024-06-29,A144,Dindigul Tamilnadu,56,24,43
2024-10-30,A176,Hyderabad Medchal,142,24,45
2024-04-30,A193,Bangalore Attibele,82,24,47
2024-06-19,A207,Iyyappanthangal,113,24,49
2024-07-11,A214,Bangalore Jigani,142,24,51
2024-06-14,A226,Telangana Pocharam,287,24,53
2024-09-25,A230,Nagercoil Tamil,91,25,2
2024-08-24,A235,Golaghat Assam,160,25,4
2024-05-09,A247,Adilabad Telangana,90,25,6
2024-09-06,A274,Auraiya UP,63,25,8
2024-06-26,A278,Meerut Ganganagar,147,25,10
2024-07-23,A283,Calicut Pavangad,115,25,12
2024-07-08,A302,Mysore Kuvempu,351,25,14
2024-09-18,A311,Chennai Mahindra,200,25,16
2024-08-31,A315,Madhubani Bihar,129,25,18
2025-03-11,A332,Udupi Manipal,220,25,20
2024-07-30,A345,Puttaparthy Sathya,108,25,22
2024-10-30,A349,Alwar Sector 7,100,25,24
2025-03-27,A350,Ambala Cantt,140,25,26
2025-02-24,A357,Haibowal Ludhiana,199,25,28
2025-02-11,A359,Kottakkal,188,25,30
2024-11-09,A362,Thane Ambernath,110,25,32
2024-07-22,A364,Model Town Old,231,25,34
2024-12-20,A374,Chinchwad Pune,22,25,36
2024-09-26,A382,Chandrapur 1,158,25,38
2025-01-10,A383,K Mallasandra,30,25,40
2024-11-30,A416,Durg Chhatisgarh,247,25,42
2024-10-22,A418,Guntur AP,288,25,44
2024-12-09,A421,Friends Colony,272,25,46
2025-03-21,A424,Ullal Bangalore,62,25,48
2024-09-20,A430,Kaithal Haryana,340,25,50
2024-11-30,A441,Lake Pichola Udaipur,350,25,52
2024-11-23,A443,Katwa West Bengal,111,25,54
2024-11-11,A462,Chennai East,262,26,3
2025-04-24,A464,Bogadhi Mysore,221,26,5
2024-10-30,A466,Ongole AP,90,26,7
2024-11-30,A469,Kannauj UP,208,26,9
2024-12-18,A478,Payyanangadi,178,26,11
2024-12-27,A481,Adibatla Telangana,54,26,13
2024-11-20,A492,Chandigarh sector,17,26,15
2025-01-09,A503,Modinagar,221,26,17
2025-01-24,A511,Thiruvananthapuram,155,26,19
2024-11-22,A516,JNV Bikaner,540,26,21
2025-07-14,A530,Channarayapatna,135,26,23
2025-03-30,A551,Diphu Assam,293,26,25
2025-01-08,A554,GNDU AMRITSAR,313,26,27
2025-05-26,A564,Devanahalli,248,26,29
2024-12-23,A565,Alleppey Town,127,26,31
2024-12-29,A571,Shivalik Nagar,298,26,33
2025-03-30,A577,Sadar Nagpur,171,26,35
2025-01-31,A578,Somalwada Nagpur,179,26,37
2025-02-14,A579,Sector 30,50,26,39
2024-11-30,A584,Chuanbhatti Mumbai,196,26,41
2024-12-16,A588,Gandhidham Gujrat,299,26,43
2024-12-19,A592,Jalandhar Adarsh,173,26,45
2024-12-21,A593,Malviye Nagar,296,26,47
2025-05-10,A595,Attingal,130,26,49
2025-03-30,A600,Perinthalmann,266,26,51
2025-02-27,A615,Koyambedu Chennai,216,26,53
2025-03-30,A620,Tathawade Pune,104,27,2
2025-04-18,A626,Pirayiri Palakkad,80,27,4
2025-04-14,A631,Zaheerabad,151,27,6
2025-05-03,A632,West Tambaram,250,27,8
2025-02-08,A637,Gumanpura Kota,212,27,10
2025-02-13,A645,Rajnandgaon,158,27,12
2025-05-30,A652,Sundergarh Orisha,218,27,14
2025-04-29,A658,Asansol WB,232,27,16
2025-05-04,A663,Saraipali,176,27,18
2025-05-17,A674,Najafgarh Delhi,240,27,20
2025-03-12,A678,Anjar Kachchh,161,27,22
2025-04-17,A679,Vishal Nagar Pune,136,27,24
2025-03-26,A681,Serene Meadows,94,27,26
2025-03-29,A684,Jind Haryana,139,27,28
2025-05-20,A703,Siddhartha Layout,185,27,30
2025-07-09,A705,Islampur,67,27,32
2025-05-07,A708,Devakottai,68,27,34
2025-07-18,A744,Boparai Amritsar,57,27,36
2025-06-18,A746,TENALI ANDHRA,138,27,38
2025-05-07,A756,Yavatmal,199,27,40
2025-05-20,A762,Pimpri Pune,132,27,42
2025-06-13,A780,SUJATHA NAGAR,76,27,44
2025-05-24,T152,Tumbledry Kompally,158,27,47
2024-12-31,T370,Kandivali West,155,27,49
2024-12-17,T501,Gangadham Pune,124,27,51
2025-04-11,T525,Bistupur,432,27,53
2025-03-22,T574,Vastrapur,239,28,2
2024-12-18,T605,Pashan Pune,299,28,4
2023-05-17,T677,Bodhgaya Bihar,271,28,6
2024-12-28,T788,Pune Punawale,219,28,8
2024-06-11,T836,Kottayam,77,28,10
2024-04-27,A001,Hooghly Hindmotor,167,28,12
2024-04-05,A059,Vishakapatnam,56,28,14
2024-04-12,A126,Fatehgarh Cantt,62,28,16
2024-06-15,A132,Mathura Tagore,184,28,18
2024-03-26,A136,Hyderabad Malakpet,81,28,20
2024-07-26,A157,Jahu Mandi,18,28,22
2024-08-20,A191,Trivendrum,45,28,24
2024-05-25,A198,Calicut Hi Lite,264,28,26
2024-05-25,A209,Kakinada AP,96,28,28
2024-10-22,A244,Ollur Thrissur,104,28,30
2024-09-17,A258,Gorakhpur Kauriram,257,28,32
2024-06-30,A272,Tarn Taran Punjab,224,28,34
2024-08-26,A277,Thrippunithura,264,28,36
2024-09-30,A284,Haldia Purba,110,28,38
2024-08-16,A293,Bihar Arrah,75,28,40
2024-08-23,A297,Kalamassery Kerala,225,28,42
2024-10-30,A300,Bhubaneshwar,212,28,44
2024-06-17,A304,Lucknow Aliganj,197,28,46
2024-07-24,A305,Surat Dumas,32,28,48
2024-08-31,A317,Mathura Township,81,28,50
2024-10-30,A328,Athani Kerala,235,28,52
2024-09-30,A367,Kolkata Newtown,251,28,54
2024-11-11,A368,Puducherry,214,29,3
2024-10-17,A369,Ahmedabad Vasna,117,29,5
2024-08-24,A376,Bageshwar,233,29,7
2025-03-31,A389,Barrackpore WB,124,29,9
2024-11-26,A395,Assandh Haryana,170,29,11
2024-09-23,A398,Gurgaon Sohna,294,29,13
2024-09-18,A405,Khammam,95,29,15
2024-10-30,A409,Ranchi,119,29,17
2025-01-22,A415,Gorakhpur Palam,190,29,19
2024-10-30,A425,Hapoli Arunachal,20,29,21
2024-10-22,A433,Lucknow Sarojni,219,29,23
2024-10-22,A439,Pune Chakan,52,29,25
2024-11-24,A465,Bhimavaram AP,173,29,27
2025-05-15,A480,Kaniyapuram Kerala,102,29,29
2025-03-18,A484,Panampilly Nagar,181,29,31
2024-07-30,A491,Mandi Sarkaghat,72,29,33
2025-01-13,A501,Namkum Ranchi,70,29,35
2025-01-21,A519,Arambagh WB,252,29,37
2025-01-30,A526,Tilak Nagar,111,29,39
2024-12-13,A531,Amalapuram Andhra,78,29,41
2024-11-25,A548,Bharatpur Rajasthan,179,29,43
2025-03-05,A556,Nizamabad,95,29,45
2025-01-29,A567,Salempur UP,72,29,47
2024-12-28,A573,Mughal Sarai UP,132,29,49
2025-04-11,A574,Chinsurah WB,140,29,51
2025-05-19,A608,Chhapra Bihar,86,29,53
2025-02-07,A622,Pathardi Road,100,30,2
2025-04-29,A660,Sangareddy,400,30,4
2025-06-03,A683,Gudia Pokhari,61,30,6
2025-03-08,A695,KAUSHAMBI,205,30,8
2025-05-22,A734,Paradip Odisha,46,30,10
2025-05-29,A735,Meenchanda Calicut,76,30,12
2024-05-08,T161,Karimnagar,129,30,14
2023-06-07,T687,Vellayil Road,193,30,16
2023-05-28,T694,Habsiguda,195,30,18
2024-01-11,T812,Gorakhpur Fertilizer,239,30,20
2024-06-20,T926,Thrissur Medical,162,30,22
2024-02-13,T928,Sangareddy,99,30,24
2025-10-31,A046,Secunderabad,168,30,26
2025-09-12,A844,Jagtial Telangana,61,30,28
2025-11-07,A878,Suchitra Hyderabad,29,30,30
2025-10-27,A829,Amroha,129,30,32
2025-10-12,A952,Majhola Uttarakhand,74,30,34
2024-05-25,A007,Surat Mota Varacha,80,30,36
2024-04-25,A024,Greater Noida,94,30,38
2024-01-27,A068,Kharagpur Paschim,284,30,40
2024-11-30,A070,City Area Surat,42,30,42
2024-04-15,A076,Old Panvel Mumbai,282,30,44
2024-04-20,A096,Mumbai Dahisar,299,30,46
2024-04-21,A100,Navi Mumbai,238,30,48
2024-04-08,A105,Aurangabad Jyoti,337,30,50
2024-04-29,A106,Haldwani Rampur,155,30,52
2024-07-04,A127,Kolkata Shyambazar,141,30,54
2024-04-10,A150,Greater Noida,203,31,3
2024-05-31,A172,Mumbai Khar,183,31,5
2024-04-18,A221,Panipat Model,242,31,7
2024-12-28,A259,TARDEO MUMBAI,136,31,9
2024-05-25,A265,Mumbai Santacruz,340,31,11
2024-08-31,A331,Khatima Uttrakhand,355,31,13
2024-06-13,A341,Meerut Football,149,31,15
2024-10-25,A361,Unnao UP,113,31,17
2024-08-27,A365,Ghaziabad Rajender,253,31,19
2024-08-31,A449,Faridabad Surajkund,276,31,21
2024-12-09,A559,Ballabgarh Haryana,203,31,23
2024-12-17,A590,"Bulandshahr, UP",166,31,25
2025-04-24,A596,Ratu Road Ranchi,52,31,27
2025-05-22,B021,Kothapet CC,63,31,29
2025-09-29,B030,Himayat Nagar,68,31,31
2021-04-16,T106,Mohali,183,31,33
2021-03-27,T119,Tumbledry,199,31,35
2021-06-15,T128,Tumbledry Mayur,153,31,37
2024-05-21,T135,Hyd Kothapet,181,31,39
2022-01-04,T201,Preet Vihar Delhi,191,31,41
2022-02-12,T202,Dibrugarh Assam,224,31,43
2022-07-16,T212,DeoraliGangtok,158,31,45
2022-04-20,T217,Jayanagar Bangalore,147,31,47
2022-04-10,T227,Himayat Nagar,230,31,49
2022-05-07,T234,Hoshiarpur Punjab,314,31,51
2022-04-17,T245,Madipakkam,148,31,53
2022-06-11,T249,Darbhanga Bihar,104,32,2
2022-05-31,T252,DLW Varanasi,217,32,4
2022-08-30,T273,Nanapeth Pune,164,32,6
2022-07-30,T280,Kadapa,200,32,8
2022-08-31,T281,Kakknad,180,32,10
2025-01-31,T317,Lower Parel Mumbai,323,32,12
2022-09-28,T319,Kothnur Bangalore,165,32,14
2022-09-04,T335,Omaxe Ludhiana,32,32,16
2022-10-31,T349,Dumdum Kolkata,139,32,18
2022-09-03,T351,BTM Layout,233,32,20
2022-08-25,T375,Deoghar Jharkhand,198,32,22
2022-08-27,T387,Mayur Vihar Phase,126,32,24
2022-12-22,T407,Palasia Indore,268,32,26
2023-02-28,T426,Indiranagar,230,32,28
2022-11-30,T435,Exhibition Road,130,32,30
2023-01-16,T494,Aizawl Mizoram,253,32,32
2022-12-17,T507,Mangla Chowk,477,32,34
2023-05-29,T520,Badarghat Agartala,101,32,36
2023-04-30,T528,Mujmahuda,162,32,38
2023-02-11,T535,Mahavir Chowk,330,32,40
2023-01-06,T547,Bibewadi Pune,224,32,42
2023-03-21,T562,JKC College Road,176,32,44
2023-03-14,T579,Nongrim Hills,369,32,46
2023-02-21,T586,Model Town Rewari,180,32,48
2023-03-31,T587,Kanke Road Ranchi,60,32,50
2023-03-24,T596,Mithanpura,167,32,52
2023-03-28,T597,Varthur Bangalore,170,32,54
2023-06-14,T603,Rewa Madhya,318,33,3
2023-04-10,T624,Vesu Surat,145,33,5
2023-04-22,T631,Kilpauk Chennai,142,33,7
2023-04-15,T640,Navalur Chennai,184,33,9
2023-07-28,T641,Bangalore Kudlu,168,33,11
2023-04-22,T659,New CG Road,124,33,13
2023-04-20,T660,Kudasan Gandhi,441,33,15
2023-06-13,T670,KK Nagar,147,33,17
2023-05-11,T678,Rau Indore,256,33,19
2023-06-19,T685,Kashipur,256,33,21
2023-06-20,T686,Dumka Jharkhand,160,33,23
2023-05-20,T692,Shyam Nagar,260,33,25
2023-06-17,T697,Yendada,104,33,27
2023-05-09,T704,Candolim Goa,320,33,29
2023-06-19,T712,Thudiyalur,130,33,31
2023-07-30,T717,Ranchi Lalpur,146,33,33
2023-06-24,T718,Hojai Assam,188,33,35
2023-06-17,T719,Chandivali Mumbai,143,33,37
2023-08-14,T727,Nagpur Dharampeth,402,33,39
2023-08-20,T736,Chandigarh Sector,161,33,41
2023-11-11,T770,Kolkata Newtown,456,33,43
2023-08-31,T792,Shimla Himanchal,252,33,45
2023-07-31,T800,Bangalore,127,33,47
2023-11-11,T809,Odisha Bhadrak,265,33,49
2023-08-30,T820,Ahmednagar,566,33,51
2023-08-30,T821,Ahmednagar,272,33,53
2023-08-30,T822,Ahmednagar Savedi,328,34,2
2023-11-29,T824,Khammam,12,34,4
2023-08-11,T840,Pune Mhalunge,328,34,6
2023-08-31,T847,Mumbai Marol,246,34,8
2023-09-23,T850,Mumbai Mahim,281,34,10
2023-08-22,T851,Malad West 2,297,34,12
2023-10-13,T876,Mumbai Goregaon,321,34,14
2023-10-20,T893,Mumbai Borivali,221,34,16
2023-08-28,T894,Darbhanga,50,34,18
2023-12-20,T905,Palampur HP,242,34,20
2024-01-31,T916,Calicut Malaparamba,283,34,22
2023-11-11,T933,"Silvasa, Gujara",27,34,24
2024-01-04,T938,Mangalagiri,267,34,26
2023-11-07,T939,Surat Citylight,178,34,28
2024-04-19,T941,MP Khandwa,280,34,30
2024-03-10,T951,Girgaon Marine,147,34,32
2024-11-11,T974,Surat Adajan,102,34,34
2023-12-27,T981,Bangaore KR Puram,171,34,36
2023-10-30,T986,Ghaziabad Wave,292,34,38
2020-07-22,TS49,Tumbledry Gwalior,336,34,40
2025-02-24,TS73,Tumbledry Sec,359,34,42
2021-01-28,TS84,Tumbledry,219,34,44
2025-08-29,A718,CDA Cuttack,92,34,46
2025-10-31,A973,VIP Colony Raipur,91,34,48
2025-09-26,A935,PM PALEM VIZAG,117,34,50
2025-08-13,C010,Defence Colony,155,34,52
2022-01-03,T210,Chhatarpur Delhi,341,34,54
2023-09-17,T992,Coco Warehouse,1195,35,3
2020-10-23,TS71,Hauz Khas Delhi,151,35,5
2020-10-09,TS74,NFC Delhi,463,35,7
2020-10-13,TS75,Greater Kailash,102,35,9
2020-10-27,TS81,Vasant Kunj Delhi,342,35,11
2020-11-19,TS86,Saket Delhi,110,35,13
2025-10-17,A861,Khalilabad UP,160,35,15
2025-03-31,T432,Ashiyana Lucknow,264,35,17
2025-09-26,A862,Phulbani Town,142,35,19
2025-09-29,A887,Kathitand Ranchi,173,35,21
2025-10-11,A927,Banka Bihar,242,35,23
2025-09-27,A771,Naraina Vihar,94,35,25
2025-10-30,A851,Behala,53,35,27
2025-09-07,A499,Badlapur,81,35,29
2025-08-31,A943,Colaba Maharashtra,48,35,31
2025-11-01,T672,Bandra East Mumbai,261,35,33
2025-10-28,A866,Modipuram Meerut,172,35,35
2025-11-03,A899,Mainpuri UP,98,35,37
2025-09-27,A997,Kankarkheda Meerut,155,35,39
2023-12-15,A107,Eldeco Studio,194,35,41
2024-11-02,A613,Rajouri Garden,84,35,43
2025-06-06,A892,Sector 133 COCO,219,35,45
2025-06-17,A913,15A Noida COCO,172,35,47
2021-10-06,T165,Rajouri Dark Store,252,35,49
2021-10-09,T166,Janakpuri Delhi,234,35,51
2019-04-19,TS1,Sector 46 Noida,786,35,53
2021-12-09,TS27,Punjabi Bagh Delhi,229,36,2
2021-02-10,TS32,Sec 50 Noida,414,36,4
2019-06-20,TS8,tumbledry,520,36,6
2020-11-29,TS87,Gejha Warehouse,545,36,9
2025-11-04,A986,Katol Maharashtra,91,36,11
2025-08-27,A837,Nanded 1,138,36,13
2025-11-03,A956,Dhule Maharashtra,27,36,15
2025-10-31,T429,Hinjewadi Phase,1,36,17
2025-10-13,A819,Dharapuram,75,36,19
2025-10-18,A992,Ambattur Chennai,63,36,21
2025-09-13,A625,Perundurai Tamil,104,36,23
2025-11-11,A926,Besant Nagar,24,36,25
2024-01-20,A015,Kullu Himachal,255,36,27
2024-01-24,A031,Palakkad Shoranur,289,36,29
2025-04-07,A036,Hyderabad Uppal,127,36,31
2024-02-26,A056,Manali Ranghri,101,36,33
2024-03-30,A063,Bangalore Hennur,183,36,35
2024-03-18,A064,Bangalore Electronic,202,36,37
2024-05-30,A075,Kolkata Sonarpur,169,36,39
2024-03-30,A087,Rajkot Bhaktinagar,52,36,41
2024-03-30,A088,Rajkot Amin Marg,463,36,43
2024-03-30,A089,Rajkot Vavdi,31,36,45
2024-03-30,A090,Rajkot Ranchhod,103,36,47
2024-03-30,A091,Rajkot Mota Mava,63,36,49
2024-03-30,A092,Rajkot Sadhu,76,36,51
2024-04-28,A122,Srinagar Hyderpora,220,36,53
2024-07-10,A128,Durgapur 2 Banachity,172,37,2
2024-03-28,A130,Pune Talegaon,22,37,4
2024-03-15,A145,Hapur,71,37,6
2024-05-16,A146,Ranaghat Nadia,353,37,8
2024-05-16,A153,Hyderabad,148,37,10
2024-03-23,A159,Dehradun Vikas,104,37,12
2024-03-21,A165,Mumbai New,181,37,14
2024-09-30,A204,Darjeeling Chowk,263,37,16
2024-05-15,A213,Dalhousie Himachal,84,37,18
2024-07-11,A232,Jalpaiguri West,195,37,20
2024-06-29,A233,Howrah Ananya,369,37,22
2025-03-31,A263,Bansilal Aurangabad,125,37,24
2025-05-17,A473,KARJAT,86,37,26
2024-12-23,A495,Nagpur Mihan,158,37,28
2024-10-22,A506,Bhimtal Uttrakhand,179,37,30
2025-07-14,A521,Bomdila,74,37,32
2025-05-13,A586,Jawahar Nagar,267,37,34
2025-03-11,A591,PILIBHIT UP,110,37,36
2025-03-11,A609,T Nagar Chennai,272,37,38
2025-02-03,A610,MVP Colony,131,37,40
2025-02-28,A611,Latur Maharashtra,229,37,42
2025-05-27,A629,Sapna Sangeeta,151,37,44
2025-02-27,A633,Govind Nagar,166,37,46
2025-04-08,A655,Malabar Hill Mumbai,94,37,48
2025-03-30,A680,Khopoli Maharashtra,115,37,50
2025-05-26,A692,Roha Maharashtra,102,37,52
2025-06-20,A782,Shamshabad,149,37,54
2022-06-23,T175,Sahakar Nagar,207,38,3
2022-08-13,T188,Mirzapur,292,38,5
2022-03-11,T199,Sector 14 Hisar,125,38,7
2022-08-31,T219,Bettiah Bihar,407,38,9
2022-06-10,T228,Sawarkar Nagar,91,38,11
2024-05-17,T237,Mansarovar Jaipur,196,38,13
2022-06-30,T248,Boro Bazar,204,38,15
2022-06-21,T256,Khurja Uttar Pradesh,279,38,17
2022-07-30,T268,VIP ROAD ITANAGAR,105,38,19
2022-07-11,T269,Haridwar Road,157,38,21
2022-07-11,T272,Rajajipuram Lucknow,173,38,23
2022-09-30,T279,Behala Kolkata,139,38,25
2022-07-19,T286,Naharlagun AP,152,38,27
2022-08-14,T294,Dera Bassi Punjab,153,38,29
2022-11-19,T305,Yelahanka 1,42,38,31
2022-11-30,T337,Matigara Siliguri,113,38,33
2022-12-28,T340,Panayapilly Fortkochi,40,38,35
2022-09-28,T343,North Lakhimpur,100,38,37
2022-08-30,T346,Nellore,56,38,39
2022-09-15,T354,Freeganj Ujjain,415,38,41
2022-09-30,T355,NIBM Pune,120,38,43
2022-09-29,T361,Kwakeithel Imphal,133,38,45
2023-02-28,T368,Sholinganallur,73,38,47
2022-10-09,T383,Rohtak Model,179,38,49
2022-11-25,T388,Mansarovar 2,55,38,51
2022-08-31,T389,Science City,64,38,53
2022-10-21,T399,Barewal Road,205,39,2
2022-11-20,T400,Banda,240,39,4
2023-01-30,T409,Ashok Marg Nashik,186,39,6
2022-12-28,T417,Kanjikuzhi Kottayam,34,39,8
2023-03-14,T434,Mallampet,31,39,10
2023-03-15,T470,R S Puram,93,39,12
2022-11-08,T489,Miyapur Hyderabad,183,39,14
2023-03-27,T500,Kenyapatty Nagaon,146,39,16
2023-01-28,T537,Tadepalli Andhra,34,39,18
2023-01-31,T561,Nabha,178,39,20
2023-04-27,T563,Bagalur Bangalore,63,39,22
2023-03-31,T590,TK Street Tirupati,206,39,24
2023-02-23,T592,Airport Road Indore,152,39,26
2023-04-17,T602,Birla Compund,99,39,28
2023-04-30,T614,Bhadohi,188,39,30
2023-05-21,T638,Udhampur Jammu,65,39,32
2023-05-29,T647,Habra West Bengal,233,39,34
2023-04-09,T648,Arvi Maharashtra,184,39,36
2023-04-30,T673,Kapesaya Begusarai,186,39,38
2023-07-21,T679,Vasai Mumbai,208,39,40
2023-06-03,T689,Phursungi Pune,217,39,42
2023-04-27,T705,Uttam Nagar Ujjain,84,39,44
2023-06-26,T724,Vijay Nagar Jabalpur,212,39,46
2023-08-28,T725,Assam Sonari,100,39,48
2023-08-18,T817,Vadodara Gotri,50,39,50
2023-08-31,T837,Bangalore,116,39,52
2023-09-30,T839,MP Singrauli,150,39,54
2024-03-29,T841,Kolkata Gopalpur,193,40,3
2024-04-17,T848,Coimbatore Sitra,320,40,5
2024-01-29,T891,Kannur Payyannur,178,40,7
2023-12-16,T901,Purulia,248,40,9
2023-10-28,T904,Noida Sector 25,187,40,11
2023-10-21,T908,Bangalore,168,40,13
2024-01-13,T924,Jamshedpur Telco,435,40,15
2023-12-02,T969,Mumbai Thane,53,40,17
2021-01-25,TS67,Tumbledry,175,40,19
2024-01-28,A054,Ghaziabad Siddharth,178,40,21
2024-02-07,A195,Kolkata Paikpara,2,40,23
2024-03-23,A202,Varanasi Chitaipur,169,40,25
2024-05-15,A264,Mumbai Deonar,496,40,27
2024-08-26,A347,Greater Noida,2,40,29
2024-10-15,A509,Yamunanagar,293,40,31
2024-12-30,A537,Shuklaganj Unnao,246,40,33
2024-11-28,A594,Kurukshetra Haryana,161,40,35
2025-07-07,A698,LALARPURA JAIPUR,147,40,37
2024-04-23,B001,Udaipur,86,40,39
2024-04-03,B002,Delhi Ashok Vihar,85,40,41
2024-08-09,B010,Jaipur Jagatpura,140,40,43
2025-04-11,B016,Gaya Bihar CC,86,40,45
2025-04-11,B017,Manpur Gaya,41,40,47
2025-03-06,B018,CC Kalyanpur,88,40,49
2025-10-28,B033,Pragati Nagar,36,40,51
2021-04-01,T112,TumbleDry Prayagraj,433,40,53
2021-06-03,T126,Tumbledry Amritsar,211,41,2
2021-07-26,T130,Tumbledry Jubilee,325,41,4
2021-06-25,T139,Tumbledry,317,41,6
2021-07-24,T144,Tumbledry,181,41,8
2021-07-27,T148,Tumbledry Nanded,227,41,10
2021-09-10,T151,Tumbledry Faridabad,270,41,12
2021-09-08,T153,Tumbledry Srinagar,211,41,14
2021-09-23,T155,Shalimar Bagh,158,41,16
2021-11-10,T163,Tumbledry Shyam,280,41,18
2022-04-08,T169,Nizampet Hyderabad,304,41,20
2021-12-01,T172,Tumbledry,309,41,22
2021-11-25,T177,Tumbledry Almora,242,41,24
2022-02-24,T200,Paikpara Kolkata,180,41,26
2022-05-09,T206,Civil Lines Hardoi,311,41,28
2022-03-17,T209,Lanka Varanasi,313,41,30
2022-06-30,T213,Jhansi,383,41,32
2022-04-19,T225,Santoshpur Kolkata,94,41,34
2022-06-01,T230,Tollygunge Kolkata,208,41,36
2022-06-23,T231,Mate Square Nagpur,310,41,38
2022-03-29,T235,Sigra Varanasi,340,41,40
2022-06-30,T244,Salt lake 2 Kolkata,199,41,42
2022-05-09,T251,Pal Surat,191,41,44
2022-06-02,T260,Kumhrar Patna,465,41,46
2022-07-20,T270,Raza Bazar Patna,211,41,48
2022-09-15,T271,Boring Road Patna,487,41,50
2022-07-25,T276,Park Circus Kolkata,336,41,52
2022-08-07,T284,Sector 9 Karnal,630,41,54
2022-08-07,T289,Civil Lines Prayagraj,318,42,3
2022-08-22,T293,Hasthampatti,203,42,5
2022-08-26,T296,Kankurgachi Kolkata,65,42,7
2022-08-31,T299,Yelenahalli Bangalore,98,42,9
2022-08-03,T301,Jagatpura Jaipur,248,42,11
2022-09-10,T303,Kohima Nagaland,261,42,13
2022-08-10,T314,Rajeev Nagar,227,42,15
2022-08-31,T316,Swarn Jayanti,212,42,17
2022-08-02,T331,Sector 19 B Dwarka,181,42,19
2022-09-11,T339,Hyderabad Kokapet,260,42,21
2024-09-10,T344,Rajajinagar,211,42,23
2022-08-12,T347,Prince Anwar,285,42,25
2022-09-30,T357,Omega 1 Greater,270,42,27
2022-10-15,T358,Gonda,412,42,29
2022-10-18,T360,Narsingi Hyderabad,225,42,31
2022-09-03,T363,Gaya Bihar,277,42,33
2022-09-14,T390,Kalyanpur Kanpur,441,42,35
2022-10-31,T395,Annapurna Road,238,42,37
2022-10-12,T401,Mandi,252,42,39
2022-10-10,T437,Phulwari Patna,378,42,41
2023-02-22,T441,West Fort Thrissur,281,42,43
2023-02-04,T449,Vijayanagar,303,42,45
2022-12-12,T451,Narmada Road,298,42,47
2022-11-11,T453,Konankunte,142,42,49
2022-12-31,T462,Khandgiri,374,42,51
2023-01-16,T463,Jhusi Prayagraj,245,42,53
2022-12-18,T498,C V Raman Nagar,273,43,2
2023-01-05,T499,Kasavanahalli,384,43,4
2022-11-07,T504,GTB Nagar Jalandhar,230,43,6
2022-11-30,T505,Kormangala,157,43,8
2023-03-20,T531,Hulimavu Bangalore,223,43,10
2023-02-06,T532,DLF Valley Panchkula,248,43,12
2023-05-30,T534,Mylapore Chennai,208,43,14
2023-02-13,T558,Powai Mumbai,279,43,16
2023-03-05,T613,Vikhroli Mumbai,220,43,18
2023-05-30,T621,Fatehabad Road,719,43,20
2023-03-31,T632,Brahmpura,278,43,22
2023-03-31,T634,Sobhagpura Udaipur,194,43,24
2023-06-14,T645,Bandra West Mumbai,158,43,26
2023-05-12,T657,Swarn Nagari,290,43,28
2023-07-21,T662,Kanpur Gumti,5,43,30
2023-05-23,T683,Jaisalmer Rajasthan,338,43,32
2023-06-30,T701,Chinnakada Kollam,398,43,34
2023-05-03,T726,Orderly Bazaar,294,43,36
2023-05-19,T739,NIT Faridabad,34,43,38
2023-07-19,T757,Bangalore,312,43,40
2024-03-28,T762,Bangalore,49,43,42
2023-06-29,T772,Trikuta Nagar,248,43,44
2024-02-17,T776,Bangalore,144,43,46
2024-02-16,T777,Bangalore,95,43,48
2024-02-17,T778,Bangalore,182,43,50
2023-11-24,T935,Bangalore,159,43,52
2023-10-20,T957,Varanasi Paharia,148,43,54
2023-09-28,T994,Varanasi Lanka,154,44,3
2019-08-01,TS11,tumbledry Dwarka,136,44,5
2019-08-03,TS15,tumbledry Sec,357,44,7
2019-09-12,TS16,TMBL Gaur City,296,44,9
2019-08-28,TS3,tumbledry Faridabad,366,44,11
2020-01-11,TS30,tumbledry Faridabad,279,44,13
2020-06-28,TS34,Tumbledry,259,44,15
2019-08-22,TS4,tumbledry,332,44,17
2020-07-23,TS42,Tumbledry Agartala,209,44,19
2020-06-12,TS47,Tumbledry Lalbagh,182,44,21
2019-08-24,TS5,tumbledry Gokhale,186,44,23
2021-03-28,TS99,Tumbledry Rudrapur,270,44,25
2025-07-29,A831,Nere Pune,145,44,27
2025-11-06,A873,Akola 2 Maharashtra,3,44,29
2025-08-31,T356,Undri Pune,144,44,31
2025-09-16,A898,Bhind MP,207,44,33
2025-10-01,C005,Morena MP,95,44,35
2025-10-31,A181,Kanpur New Civil,244,44,37
2025-09-19,A977,Line Par Moradabad,141,44,39
2024-01-16,A057,Ghaziabad Shastri,73,44,41
2024-02-29,A082,Hyderabad,154,44,43
2024-05-29,A114,Noida Sector 150,100,44,45
2024-02-19,A162,Mumbai Bhandup,255,44,47
2024-02-29,A222,Sector 1 Greater,226,44,49
2024-04-06,A227,Kerala Kazhakoottam,91,44,51
2025-04-15,A745,Dhankot CC Haryana,94,44,53
2024-04-30,B004,Noida Sector 75,224,45,2
2024-05-28,B005,Bihar Katihar CC,224,45,4
2024-07-22,B006,Pune Amanora,136,45,6
2024-07-31,B008,Thane Dhakoli,210,45,8
2024-09-30,B011,Rajahmundry,112,45,10
2024-12-28,B013,Lulu Mall Lucknow,98,45,12
2025-07-12,B019,Bhagalpur CC,40,45,14
2025-03-28,B020,Mumbai Ghatkopar,121,45,16
2025-05-30,B022,Wadgaon Sheri,182,45,18
2025-07-14,B023,Anna Nagar CC,114,45,20
2025-08-22,B024,Nallagandla,55,45,22
2025-09-02,B028,Mulund East Mumbai,65,45,24
2021-06-10,T100,Tumbledry Mulund,342,45,26
2021-03-06,T102,Tumbledry,148,45,28
2021-04-01,T109,Tumbledry Bhagalpur,573,45,30
2021-04-10,T113,Tumbledry Patia,400,45,32
2021-06-28,T118,Tumbledry Kharadi,605,45,34
2021-04-29,T123,Tumbledry Bomikhal,196,45,36
2021-03-18,T124,Viman Nagar,281,45,38
2021-07-23,T131,Tumbledry Baner,278,45,40
2021-09-05,T134,Tumbledry Vaishali,398,45,42
2021-06-19,T136,Tumbledry Thane,800,45,44
2021-07-23,T138,Tumbledry Anna,246,45,46
2021-07-31,T145,Tumbledry Amanora,342,45,48
2021-12-22,T146,Tumbledry Meadows,390,45,50
2021-07-19,T147,Tumbledry Pune,274,45,52
2022-04-04,T154,Madhu Vihar Delhi,46,45,54
2021-10-25,T174,Tumbledry,153,46,3
2021-12-02,T181,Tumbledry East,123,46,5
2021-12-15,T183,Tumbledry JP,271,46,7
2022-01-17,T205,Gorakhpur Road,576,46,9
2023-09-29,T211,Wagholi Pune,209,46,11
2022-01-24,T218,Kothrud Pune,298,46,13
2022-03-11,T223,Beeramguda,410,46,15
2022-08-25,T242,Ashok Nagar Ranchi,278,46,17
2022-08-14,T246,IRC Village,128,46,19
2022-06-30,T250,BJB Nagar,155,46,21
2022-06-27,T261,HSR Layout,299,46,23
2022-06-10,T262,Solan Himanchal,495,46,25
2022-07-31,T275,Hanamkonda,186,46,27
2022-08-29,T282,Whitefield Bangalore,147,46,29
2022-06-24,T287,Moradabad Uttar,401,46,31
2022-07-20,T295,Ballygunge Kolkata,322,46,33
2022-08-14,T308,Sanjaynagar,316,46,35
2022-05-29,T311,Magarpatta Pune,286,46,37
2022-07-22,T322,Swaroop Nagar,516,46,39
2022-09-10,T325,Hyderabad Kondapur,604,46,41
2022-07-31,T332,Bavdhan Pune,304,46,43
2022-11-30,T334,Banshankari,223,46,45
2022-08-22,T338,Prabhadevi Mumb,286,46,47
2022-09-12,T353,Vellayambalam,399,46,49
2022-11-02,T408,Shanti Nagar,247,46,51
2022-08-07,T410,Aundh Pune,259,46,53
2022-10-08,T412,Dwarka Expressway,432,47,2
2022-10-14,T415,Chembur Mumbai,253,47,4
2022-11-30,T421,Vanasthalipuram,333,47,6
2022-10-31,T444,Porvorim Goa,414,47,8
2022-11-19,T476,Goregaon East,386,47,10
2022-11-22,T487,Hebbal Bangalore,167,47,12
2022-12-05,T490,Ghatkopar East,410,47,14
2023-01-13,T509,Horamavu Bangalore,267,47,16
2023-02-13,T514,Rajahmundry,446,47,18
2023-02-22,T530,Pachalam Kochi,164,47,20
2022-12-23,T548,Wakad Pune,317,47,22
2023-02-13,T556,DLF Gachibowli,258,47,24
2023-02-19,T560,Katihar Bihar,331,47,26
2022-12-15,T566,Nanakramguda,223,47,28
2023-02-03,T577,Sewri Cotton Green,233,47,30
2023-03-04,T594,Sector 14 Gurgaon,226,47,32
2023-04-15,T599,Kazhakoottam,239,47,34
2023-02-28,T630,Govind Nagar,375,47,36
2023-03-23,T635,Chennai Velachery,360,47,38
2023-03-23,T665,Nehru Nagar,197,47,40
2023-02-27,T666,Thiruvananthapuram,332,47,42
2023-03-13,T668,Koregaon Park,301,47,44
2023-06-30,T783,Raj Nagar Ghaziabad,259,47,46
2019-07-21,TS10,tumbledry Sector,1,47,48
2019-07-28,TS13,tumbledry Sec,424,47,50
2019-10-16,TS20,tumbledry Noida,547,47,52
2019-11-23,TS23,TMBL Faizabad,491,47,54
2020-02-25,TS28,Tumbledry Betihata,231,48,3
2022-09-02,TS31,tumbledry G Noida,508,48,5
2020-01-29,TS36,tumbledry Delhi,191,48,7
2020-08-21,TS43,Tumbledry Vashi,417,48,9
2022-06-01,TS48,South CIty Gurgaon,269,48,11
2020-03-18,TS50,Tumbledry Dehradun,185,48,13
2020-08-23,TS56,Tumbledry,312,48,15
2020-08-04,TS58,Tumbledry Noida,378,48,17
2020-08-23,TS60,Tumbledry Madhapur,426,48,19
2020-09-05,TS63,Tumbledry Haldwani,583,48,21
2020-10-19,TS64,Tumbledry Wanowrie,264,48,23
2020-10-24,TS68,Tumbledry Kavi,604,48,25
2020-11-02,TS70,Tumbledry Ghansoli,452,48,27
2020-10-25,TS72,Tumbledry Sec,276,48,29
2020-12-25,TS88,Surajmal Vihar,65,48,31
2021-02-24,TS89,Tumbledry Gomti,175,48,33
2021-01-30,TS90,Tumbledry Sector,125,48,35
2022-02-12,TS92,TD Rajnagar Ext,326,48,37
2025-09-19,A841,Sector Gandhinagar,188,48,39
2025-09-09,A925,Gandhidham 1,77,48,41
2025-11-17,A889,Mcleodganj,4,48,43
2025-10-19,C007,Sangrur Punjab,90,48,45
